,country
0,India
1,Australia
2,United Kingdom
3,United Kingdom
4,Australia
5,United States
7,Australia
8,United Kingdom
9,France
10,India
11,India
12,United States
13,United States
14,India
15,United Kingdom
16,Germany
17,South Korea
18,United States
20,Australia
21,India
22,United Kingdom
23,United Kingdom
24,India
25,India
26,Singapore
27,Australia
28,India
29,India
30,India
31,United Kingdom
32,India
33,United States
34,Singapore
35,Singapore
36,United Kingdom
37,Singapore
38,Singapore
39,United States
40,Brazil
41,Brazil
42,Australia
44,India
45,United Kingdom
46,India
48,United Kingdom
49,India
50,Canada
51,United States
52,United States
53,Japan
54,United States
55,United States
56,India
57,United States
58,Canada
59,United Kingdom
60,South Korea
61,India
62,France
63,United States
64,Australia
65,United States
66,XYZ
67,Australia
68,India
69,United Kingdom
70,United States
71,United States
72,United Kingdom
73,Singapore
74,
75,United Kingdom
76,
77,Canada
78,United Kingdom
80,United States
81,India
82,Brazil
83,United Kingdom
84,India
85,United States
86,United Kingdom
87,Italy
88,India
89,India
90,France
91,Australia
92,Australia
93,India
94,India
95,Mexico
96,South Korea
97,Germany
98,South Korea
99,United States
100,United Kingdom
101,Italy
102,India
103,South Korea
104,United States
105,United States
106,France
107,South Korea
108,United States
109,Mexico
110,India
111,United Kingdom
112,India
113,Canada
114,India
115,India
116,India
117,Canada
118,United Kingdom
119,United States
120,United States
121,India
122,India
123,France
124,Mexico
125,Australia
126,United States
127,India
128,United States
129,France
131,Australia
132,United States
133,India
134,United Kingdom
135,United States
136,United Kingdom
137,United Kingdom
138,United Kingdom
139,Canada
140,Australia
141,India
142,France
143,United States
144,India
145,South Korea
146,Mexico
147,India
148,Japan
149,South Korea
150,Italy
151,Brazil
152,United States
153,United Kingdom
154,Brazil
155,United Kingdom
156,India
157,United Kingdom
158,Australia
159,United Kingdom
160,Brazil
161,United States
163,Canada
164,Canada
165,United States
166,India
167,Canada
168,India
169,France
170,Canada
171,United Kingdom
172,Australia
173,United States
174,United Kingdom
175,United Kingdom
176,United States
177,India
178,Australia
179,United States
180,Australia
181,India
182,India
183,Brazil
184,Canada
185,United Kingdom
186,United Kingdom
187,United States
189,Canada
190,United States
191,Singapore
192,United States
193,Canada
194,United States
195,United States
196,Mexico
197,South Korea
198,Canada
199,United States
200,Canada
201,United States
202,Japan
203,Canada
204,Australia
205,United States
206,Canada
207,Australia
208,United Kingdom
209,United States
210,Singapore
211,India
212,Singapore
213,India
214,India
215,Germany
216,Singapore
217,India
219,India
220,India
221,Japan
222,Australia
223,India
224,India
225,Netherlands
226,South Korea
227,United States
228,India
229,India
230,Australia
231,Canada
232,United States
233,United States
234,Brazil
235,Singapore
236,United States
237,Australia
238,India
239,United Kingdom
240,United Kingdom
241,India
242,United Kingdom
243,United Kingdom
244,United Kingdom
245,Australia
246,Netherlands
247,Pakistan
248,United Kingdom
249,India
250,India
251,India
252,India
253,Mexico
254,United States
255,Australia
256,United Kingdom
257,Italy
258,Canada
259,India
260,India
261,Brazil
262,United Kingdom
263,United Kingdom
264,Germany
265,United States
266,Australia
267,South Korea
268,India
269,United Kingdom
270,United States
271,United States
272,United Kingdom
273,France
274,United States
275,India
276,Australia
277,India
278,India
279,United Kingdom
280,Singapore
281,Singapore
282,South Korea
283,Singapore
284,South Korea
285,India
286,Australia
287,Australia
288,Japan
289,India
290,Canada
291,Germany
292,India
293,India
294,Australia
295,South Korea
296,India
297,Singapore
298,United States
299,United States
300,Canada
301,India
302,France
303,United Kingdom
304,United Kingdom
305,United Kingdom
306,India
307,India
308,India
309,India
310,France
311,United Kingdom
312,Australia
313,United Kingdom
314,United Kingdom
315,India
316,Australia
317,India
318,United States
319,United States
320,United States
321,United States
322,France
323,India
324,United States
325,Singapore
326,Canada
327,Australia
328,United States
329,France
330,South Korea
331,United States
332,India
333,South Korea
334,Canada
335,Canada
336,United Kingdom
337,Germany
338,United States
339,United States
340,Germany
341,India
342,United States
343,United States
344,United Kingdom
345,United States
346,Australia
347,United States
348,United Kingdom
349,Japan
350,United States
351,United States
352,Canada
353,South Korea
354,United States
355,India
356,United States
357,Australia
358,India
359,Brazil
360,United States
361,Australia
362,United Kingdom
363,United Kingdom
364,United States
365,India
366,United Kingdom
367,Canada
368,Canada
369,United Kingdom
370,India
371,United States
372,United Kingdom
373,India
374,United Kingdom
375,United Kingdom
376,India
377,United Kingdom
378,Canada
379,Italy
380,India
381,Brazil
382,Spain
383,Brazil
384,Mexico
385,India
386,United Kingdom
387,Canada
388,
389,South Korea
390,Italy
391,India
392,United States
393,Japan
394,Japan
395,Singapore
396,United Kingdom
397,India
399,India
400,France
401,United States
402,India
403,United Kingdom
404,Canada
405,United States
406,United States
407,Canada
408,United Kingdom
409,United States
410,United Kingdom
411,United States
412,Spain
413,India
414,France
415,United Kingdom
416,mars
417,Germany
418,Canada
419,United States
420,United Kingdom
421,Canada
422,India
423,India
424,United States
425,Canada
426,United States
428,Germany
429,Japan
430,India
431,Australia
432,United States
433,Germany
434,United States
435,Singapore
436,United States
437,Singapore
438,United States
439,Australia
440,India
441,United Kingdom
443,Brazil
444,India
445,India
446,India
447,United States
448,United Kingdom
449,United States
450,United Kingdom
451,United States
452,Japan
453,Brazil
454,Canada
455,India
457,South Korea
458,India
459,Italy
460,Canada
461,India
462,India
463,Australia
464,Australia
465,India
466,United States
467,South Korea
468,Japan
469,India
470,India
471,Australia
472,Japan
473,India
474,India
475,Canada
476,United Kingdom
477,India
478,Australia
479,United States
480,United Kingdom
481,Australia
482,Germany
483,India
484,Australia
485,United Kingdom
486,India
487,Australia
488,United Kingdom
489,United Kingdom
490,India
491,Germany
492,United States
494,Germany
497,South Korea
498,United Kingdom
499,United Kingdom
500,South Korea
501,Germany
503,United States
504,United Kingdom
505,Australia
506,Australia
507,Japan
508,Australia
509,United States
510,United Kingdom
511,Canada
512,United States
513,South Korea
514,Germany
515,Brazil
516,India
517,India
518,India
519,India
520,Canada
521,United States
522,United States
523,Germany
524,South Korea
525,India
526,France
527,United Kingdom
528,Japan
529,United Kingdom
530,South Korea
531,Germany
532,Canada
533,United Kingdom
534,India
535,Australia
536,United States
537,United Kingdom
538,Netherlands
539,Italy
540,United States
541,India
542,United States
543,United States
544,India
545,India
546,India
547,India
548,Australia
549,Mexico
550,United Kingdom
551,Canada
552,United Kingdom
553,Canada
554,Australia
555,India
556,United States
557,United Kingdom
558,Mexico
559,United States
560,United States
561,South Korea
562,Japan
563,Russia
564,Brazil
565,Australia
566,France
567,India
568,India
569,India
570,United States
571,United States
572,United Kingdom
573,Australia
574,United States
575,Australia
576,South Korea
577,Australia
578,United Kingdom
579,Mexico
580,United Kingdom
581,India
582,Singapore
583,Australia
584,Italy
585,Singapore
586,Italy
587,India
588,India
589,United States
590,South Korea
591,Australia
592,United States
593,United States
594,United Kingdom
595,India
596,Brazil
598,Brazil
599,United States
600,Mexico
601,United States
602,Canada
603,United Kingdom
604,Japan
605,Australia
606,United States
607,India
608,Singapore
609,Singapore
610,Australia
611,Singapore
612,United Kingdom
613,France
614,United Kingdom
615,Canada
616,Australia
617,United States
618,Australia
619,Australia
620,United States
621,Germany
622,Italy
623,Australia
624,United States
625,Australia
626,Canada
627,United Kingdom
628,Australia
629,United States
630,United States
631,France
632,Italy
633,United States
634,United States
635,India
636,Canada
637,India
638,United States
639,France
640,United States
641,Canada
642,United Kingdom
644,United Kingdom
645,India
646,India
647,United States
648,France
649,Australia
650,Australia
651,United States
652,France
653,United States
654,XYZ
655,Australia
656,United States
657,Canada
658,United States
659,India
660,Canada
661,Italy
662,United States
663,United Kingdom
664,United Kingdom
665,Germany
666,South Korea
667,India
668,XYZ
669,United States
670,India
671,South Korea
673,India
674,India
675,Australia
676,Canada
677,Germany
678,India
679,South Korea
680,India
681,India
682,India
683,Canada
684,India
685,South Korea
686,Spain
687,United States
688,South Korea
689,United Kingdom
690,United Kingdom
691,Canada
692,Australia
693,United States
694,Singapore
695,Canada
696,Germany
697,Australia
698,India
699,Canada
700,United States
701,United Kingdom
702,United Kingdom
703,Singapore
704,Singapore
705,United States
706,India
707,Canada
708,Brazil
709,India
710,United States
711,India
712,Canada
713,United Kingdom
714,United Kingdom
715,United Kingdom
716,Singapore
717,Italy
718,South Korea
719,India
720,Australia
721,India
722,United Kingdom
723,India
724,United Kingdom
725,United Kingdom
726,United States
727,Canada
728,Canada
729,India
730,India
731,India
732,India
733,Canada
734,India
735,United States
736,United Kingdom
737,Singapore
738,Italy
739,South Korea
740,Mexico
741,South Korea
742,United Kingdom
743,India
744,Singapore
745,United Kingdom
746,Australia
747,Germany
748,United States
749,Spain
750,United States
751,Netherlands
752,India
753,Italy
754,Australia
755,India
756,United States
757,India
758,South Korea
759,United States
760,Canada
761,Singapore
762,Brazil
763,Germany
764,Germany
765,Germany
766,United States
767,India
768,Japan
769,United Kingdom
770,India
771,Canada
772,France
773,South Korea
774,Mexico
775,India
776,United Kingdom
777,France
778,Australia
779,United States
780,Mexico
782,United States
783,United States
784,United Kingdom
785,United Kingdom
786,Canada
787,Mexico
788,United Kingdom
789,Mexico
790,India
791,India
792,Italy
793,United States
794,Japan
795,Netherlands
796,United Kingdom
797,India
799,Spain
800,United States
801,United Kingdom
802,Australia
803,United Kingdom
804,United States
805,United States
806,Japan
807,India
808,Australia
809,United States
810,United States
811,Canada
812,United States
814,Australia
815,South Korea
816,Australia
818,United Kingdom
819,Italy
820,United Kingdom
821,United States
822,United Kingdom
823,France
824,United States
825,United States
826,United States
827,Australia
828,Australia
829,United States
830,Brazil
831,Netherlands
832,Australia
833,Brazil
834,United Kingdom
835,Singapore
837,India
838,United Kingdom
839,United States
840,India
841,United Kingdom
842,India
843,United States
844,India
845,Germany
846,Singapore
847,India
848,United States
849,United States
850,India
851,United Kingdom
852,United Kingdom
853,Australia
854,India
855,India
856,France
857,United States
858,India
859,Australia
860,United States
861,United States
862,Australia
863,South Korea
864,Germany
865,India
866,Pakistan
867,South Korea
868,United States
869,France
870,United Kingdom
871,India
872,United Kingdom
873,Japan
874,Australia
875,United Kingdom
876,Canada
877,South Korea
878,India
879,South Korea
880,India
881,Datopia
882,India
883,Australia
884,Australia
885,South Korea
886,India
887,Germany
888,India
889,India
890,United States
891,South Korea
892,Singapore
893,India
894,India
895,United Kingdom
896,United States
897,Germany
898,Brazil
899,Singapore
900,Canada
901,United States
902,Italy
903,United Kingdom
904,United States
905,Germany
906,Singapore
907,Italy
908,United Kingdom
909,South Korea
910,Canada
911,United States
912,United Kingdom
913,India
914,United States
915,Canada
916,India
917,India
918,India
919,Australia
921,Australia
922,United States
923,Australia
924,South Korea
925,Australia
926,United Kingdom
927,India
928,Italy
929,India
930,Australia
931,United States
932,United States
933,South Korea
934,United States
935,United Kingdom
936,India
937,Germany
938,United Kingdom
939,South Korea
940,Singapore
941,
942,India
943,United Kingdom
944,South Korea
945,United States
946,Brazil
947,United Kingdom
948,United States
949,Brazil
951,Singapore
952,Canada
953,Canada
954,France
955,France
956,Netherlands
957,United States
958,United Kingdom
959,Japan
960,India
961,Australia
962,South Korea
963,India
964,United States
965,France
966,Brazil
967,India
968,United States
969,India
970,United States
971,United Kingdom
972,United Kingdom
973,United States
974,Singapore
975,mars
976,Canada
977,Canada
978,India
979,Canada
980,United Kingdom
981,United Kingdom
982,India
983,Canada
984,United Kingdom
985,Singapore
986,India
987,Canada
988,South Korea
989,Mexico
990,mars
991,Australia
992,United States
993,United States
994,South Korea
995,United Kingdom
996,United Kingdom
997,Italy
998,Australia
999,United Kingdom
1000,India
1001,India
1002,United Kingdom
1003,Canada
1004,United States
1005,Australia
1006,Canada
1007,United States
1008,Spain
1009,Australia
1010,Mexico
1011,India
1012,United Kingdom
1013,Mexico
1014,France
1015,United Kingdom
1017,United Kingdom
1018,Singapore
1019,United Kingdom
1020,United States
1021,India
1023,Germany
1024,Australia
1025,United States
1026,India
1027,United Kingdom
1028,United States
1029,Germany
1030,Singapore
1031,United States
1032,
1033,United States
1034,India
1035,United States
1036,India
1037,United Kingdom
1038,Germany
1039,Canada
1040,United States
1041,India
1042,India
1043,Singapore
1044,United Kingdom
1045,South Korea
1047,United States
1048,United States
1049,Canada
1050,India
1051,Australia
1052,India
1053,United States
1054,Germany
1055,Germany
1056,South Korea
1057,United Kingdom
1058,United Kingdom
1059,United States
1060,Singapore
1061,United States
1062,United States
1063,Singapore
1065,India
1066,India
1067,Canada
1068,Singapore
1069,India
1070,India
1071,Japan
1072,Brazil
1073,United Kingdom
1074,Germany
1075,Singapore
1076,Australia
1077,United Kingdom
1078,Australia
1079,United Kingdom
1080,Canada
1081,Australia
1082,South Korea
1083,Canada
1084,United States
1085,Australia
1086,India
1087,Australia
1088,Canada
1089,United States
1090,Canada
1091,Canada
1092,United Kingdom
1093,Pakistan
1094,United States
1095,United Kingdom
1096,United Kingdom
1097,France
1098,United Kingdom
1099,Singapore
1100,Australia
1101,Singapore
1102,United Kingdom
1103,Germany
1104,Australia
1105,Germany
1106,United States
1107,Australia
1108,Singapore
1109,United States
1110,United States
1111,United States
1112,Singapore
1113,Singapore
1114,United Kingdom
1115,Japan
1116,India
1117,Mexico
1118,Germany
1119,United States
1120,United States
1121,Singapore
1122,United Kingdom
1123,South Korea
1124,Germany
1125,United States
1126,Canada
1127,United States
1128,India
1129,Australia
1130,Australia
1131,United Kingdom
1132,United States
1133,India
1134,Australia
1135,Japan
1136,Australia
1137,France
1139,India
1140,Datopia
1141,India
1142,Japan
1143,India
1144,United Kingdom
1145,South Korea
1146,India
1147,India
1148,Canada
1149,Germany
1150,Canada
1151,France
1152,Singapore
1153,United States
1154,India
1155,United Kingdom
1156,United Kingdom
1157,South Korea
1158,Australia
1159,Australia
1160,South Korea
1161,Italy
1162,Canada
1163,United States
1164,Germany
1165,France
1167,Brazil
1168,India
1169,Australia
1170,India
1171,Australia
1172,India
1173,Canada
1174,Germany
1175,South Korea
1176,United States
1177,India
1178,South Korea
1179,India
1180,mars
1181,Russia
1182,India
1183,South Korea
1184,India
1185,United Kingdom
1186,India
1187,United States
1188,United States
1189,India
1190,India
1191,United States
1192,United Kingdom
1193,United States
1194,United Kingdom
1195,United States
1196,United Kingdom
1197,United Kingdom
1198,United Kingdom
1199,United Kingdom
1200,United States
1201,France
1202,Mexico
1203,India
1204,Australia
1205,United Kingdom
1206,Spain
1207,Spain
1208,Australia
1209,United States
1210,Singapore
1211,Germany
1212,United States
1213,Singapore
1214,United States
1215,United Kingdom
1216,India
1217,Brazil
1218,United States
1219,Australia
1220,India
1221,France
1222,India
1223,United States
1224,United States
1225,India
1226,India
1227,United Kingdom
1228,South Korea
1229,United Kingdom
1230,India
1231,United States
1232,Australia
1233,Italy
1234,India
1235,Germany
1236,Japan
1237,Australia
1238,Singapore
1239,South Korea
1240,South Korea
1241,United States
1242,India
1243,United Kingdom
1244,India
1245,India
1246,United States
1247,Australia
1248,United States
1249,Australia
1250,United Kingdom
1251,India
1252,United States
1253,India
1254,India
1255,India
1256,Germany
1257,Singapore
1258,India
1259,South Korea
1260,Mexico
1262,Canada
1263,India
1264,Australia
1265,India
1266,South Korea
1267,India
1268,United States
1269,Australia
1270,United States
1271,India
1272,Canada
1273,Mexico
1274,Singapore
1276,India
1277,Japan
1278,France
1279,Japan
1281,United States
1282,India
1283,India
1284,United States
1285,Singapore
1286,United Kingdom
1287,United Kingdom
1288,India
1289,India
1290,Canada
1291,Australia
1292,Singapore
1293,India
1294,South Korea
1295,Australia
1296,South Korea
1297,United Kingdom
1298,Mexico
1299,Australia
1300,United States
1301,France
1302,United States
1303,India
1304,United Kingdom
1306,Datopia
1307,United States
1308,India
1309,United Kingdom
1310,Italy
1311,Australia
1312,United States
1313,Germany
1314,Canada
1315,United States
1316,United States
1317,United States
1318,India
1319,India
1320,Australia
1321,United States
1322,Italy
1323,Netherlands
1324,Datopia
1325,India
1326,Brazil
1327,United States
1328,Singapore
1329,United Kingdom
1330,United Kingdom
1331,South Korea
1332,South Korea
1333,Russia
1334,United States
1335,United States
1336,United Kingdom
1337,United States
1338,Australia
1339,Singapore
1340,Mexico
1341,Mexico
1342,India
1343,Germany
1344,India
1345,Canada
1346,Canada
1347,United Kingdom
1348,Australia
1349,South Korea
1350,South Korea
1351,Mexico
1352,Canada
1353,Singapore
1354,United States
1355,United States
1356,United Kingdom
1357,United States
1358,United Kingdom
1359,India
1360,United Kingdom
1361,India
1362,United States
1363,Japan
1364,Australia
1365,United States
1366,India
1367,United States
1368,India
1369,Germany
1370,United States
1371,Australia
1372,India
1373,United States
1374,United States
1375,India
1376,Canada
1377,United Kingdom
1378,Canada
1379,South Korea
1380,United States
1381,Brazil
1382,India
1383,South Korea
1384,Australia
1386,India
1387,United States
1388,United States
1389,India
1390,Germany
1391,South Korea
1392,United States
1393,India
1394,South Korea
1395,Brazil
1396,Brazil
1397,United States
1398,Japan
1399,United States
1400,Australia
1401,United Kingdom
1402,Australia
1403,Singapore
1404,France
1405,France
1406,United Kingdom
1407,India
1408,XYZ
1409,
1410,India
1412,United States
1413,United Kingdom
1414,United States
1415,Singapore
1416,India
1417,Pakistan
1418,South Korea
1419,Australia
1420,Australia
1421,Australia
1422,India
1423,Brazil
1424,Canada
1425,Australia
1426,United Kingdom
1428,Germany
1429,United States
1430,India
1431,United States
1432,United States
1433,France
1434,South Korea
1435,United Kingdom
1436,Canada
1437,Brazil
1438,Brazil
1439,India
1440,South Korea
1441,Brazil
1442,Singapore
1443,South Korea
1444,India
1445,United Kingdom
1446,Japan
1447,United Kingdom
1448,United States
1449,United Kingdom
1450,Canada
1451,mars
1452,Germany
1453,France
1455,United States
1456,United States
1457,United States
1458,Australia
1459,India
1460,India
1461,Australia
1462,United States
1463,India
1464,United States
1465,Canada
1466,South Korea
1467,Singapore
1468,Brazil
1470,France
1471,Japan
1472,Mexico
1473,Germany
1474,Australia
1475,India
1476,United Kingdom
1477,United Kingdom
1478,Australia
1479,United Kingdom
1480,Australia
1481,India
1482,India
1483,Canada
1484,Spain
1485,United Kingdom
1486,United Kingdom
1487,France
1489,Germany
1490,United States
1491,Germany
1492,Canada
1493,United Kingdom
1494,India
1495,India
1496,India
1497,United States
1498,United States
1499,South Korea
1500,
1501,United States
1502,Australia
1503,United Kingdom
1504,Canada
1505,Singapore
1506,Japan
1507,India
1508,United States
1509,Australia
1510,United Kingdom
1511,India
1512,Brazil
1513,United States
1514,India
1515,United States
1516,South Korea
1517,United Kingdom
1518,South Korea
1519,United States
1520,Singapore
1521,United States
1522,United States
1523,United States
1524,United States
1525,Italy
1526,Mexico
1527,Australia
1528,Singapore
1529,Japan
1530,United Kingdom
1531,Brazil
1532,India
1533,United Kingdom
1534,India
1535,United Kingdom
1536,Australia
1537,Singapore
1538,United Kingdom
1539,Canada
1540,United States
1541,Japan
1542,United States
1543,United States
1544,Canada
1545,India
1546,Canada
1547,Australia
1548,United Kingdom
1549,Australia
1550,Singapore
1551,Australia
1552,India
1553,United States
1554,United States
1555,United States
1556,United Kingdom
1557,India
1559,India
1560,Germany
1561,Australia
1562,Australia
1563,Australia
1564,United States
1565,India
1566,Italy
1567,Australia
1568,Germany
1569,United Kingdom
1570,Australia
1571,United States
1572,Australia
1573,Singapore
1574,Canada
1575,United States
1576,Australia
1577,Canada
1578,Canada
1579,South Korea
1580,Canada
1581,United States
1583,South Korea
1584,United States
1585,United Kingdom
1586,United Kingdom
1587,United States
1588,United States
1589,India
1590,France
1591,Japan
1592,France
1593,India
1594,Japan
1595,Australia
1596,United States
1597,United Kingdom
1598,India
1599,United States
1600,United Kingdom
1601,United States
1602,United Kingdom
1603,France
1604,United States
1605,Australia
1606,Japan
1607,India
1608,United Kingdom
1609,South Korea
1610,South Korea
1611,India
1612,France
1613,United States
1614,United Kingdom
1615,South Korea
1616,United Kingdom
1617,Canada
1618,India
1619,Australia
1620,United Kingdom
1621,United States
1622,Singapore
1623,United States
1624,United States
1626,South Korea
1627,United Kingdom
1628,United States
1629,United Kingdom
1630,India
1631,India
1632,Australia
1633,South Korea
1634,Germany
1635,United Kingdom
1636,United Kingdom
1637,United States
1638,South Korea
1639,South Korea
1640,Australia
1641,United States
1642,United Kingdom
1643,United Kingdom
1644,United States
1645,Italy
1646,India
1647,India
1648,India
1649,India
1650,United Kingdom
1651,United Kingdom
1652,France
1653,United States
1654,United States
1655,Netherlands
1656,Canada
1657,India
1658,Canada
1659,United States
1660,United States
1661,France
1662,France
1663,United States
1664,India
1665,India
1666,United Kingdom
1667,United Kingdom
1668,India
1669,United States
1670,United States
1671,Australia
1672,Germany
1673,India
1674,Japan
1675,India
1676,France
1677,Germany
1678,United Kingdom
1679,India
1680,United States
1681,Germany
1682,United States
1683,United States
1684,United States
1685,South Korea
1686,Canada
1687,United Kingdom
1688,Mexico
1689,United States
1690,India
1691,United Kingdom
1692,South Korea
1693,India
1694,United States
1695,India
1696,United Kingdom
1697,United States
1698,United States
1699,United States
1700,United States
1701,India
1702,South Korea
1703,Singapore
1704,United States
1705,Australia
1706,India
1707,South Korea
1708,Australia
1709,Canada
1710,Singapore
1711,United States
1712,Mexico
1713,United Kingdom
1714,United Kingdom
1715,United States
1716,United Kingdom
1717,India
1718,United States
1719,India
1720,Canada
1721,United Kingdom
1722,Australia
1723,Singapore
1724,United Kingdom
1725,United Kingdom
1726,India
1728,United States
1729,Australia
1730,Germany
1731,Canada
1732,South Korea
1733,Australia
1734,United States
1735,United Kingdom
1736,Mexico
1737,India
1738,India
1739,Germany
1742,United States
1743,United States
1744,Australia
1745,United Kingdom
1746,United States
1747,Australia
1748,United Kingdom
1749,India
1750,United States
1751,India
1752,Australia
1753,Italy
1754,Canada
1755,India
1756,Canada
1757,South Korea
1758,India
1759,Australia
1760,Canada
1761,United Kingdom
1762,United States
1764,United States
1765,France
1766,Singapore
1767,Spain
1768,United States
1769,France
1770,Singapore
1771,Australia
1772,Australia
1773,Australia
1774,Canada
1775,United Kingdom
1776,United Kingdom
1777,Italy
1778,India
1779,United Kingdom
1780,United Kingdom
1781,India
1782,India
1783,United States
1784,South Korea
1785,South Korea
1786,India
1787,United Kingdom
1788,India
1789,India
1790,United States
1791,Mexico
1792,South Korea
1793,India
1794,India
1795,Australia
1796,United Kingdom
1797,United Kingdom
1798,India
1799,Canada
1800,United States
1801,United States
1802,India
1803,United Kingdom
1805,Australia
1806,Australia
1808,Canada
1809,United States
1810,United Kingdom
1811,India
1812,United Kingdom
1813,India
1815,United States
1816,United States
1818,Germany
1819,Singapore
1820,South Korea
1821,United States
1822,United States
1823,Singapore
1824,India
1825,France
1826,United Kingdom
1828,India
1829,United States
1830,United States
1831,United Kingdom
1832,United States
1833,United Kingdom
1834,South Korea
1835,France
1836,India
1837,Japan
1838,France
1839,United States
1840,United Kingdom
1841,Australia
1842,Mexico
1843,India
1844,Canada
1845,India
1846,United States
1847,United States
1848,India
1849,United Kingdom
1850,Italy
1851,Singapore
1852,Japan
1853,United Kingdom
1854,United States
1855,Australia
1856,Australia
1857,Canada
1858,Germany
1859,India
1860,Germany
1861,Canada
1862,United States
1863,Australia
1864,India
1865,India
1866,Australia
1867,India
1868,South Korea
1869,Canada
1870,United States
1871,United States
1872,United Kingdom
1873,France
1874,United Kingdom
1875,India
1876,South Korea
1877,South Korea
1878,France
1879,United States
1880,Italy
1881,India
1882,India
1883,India
1884,United States
1885,United States
1886,United States
1887,India
1888,Canada
1889,Australia
1890,India
1891,India
1892,United Kingdom
1893,India
1894,United Kingdom
1895,United States
1896,India
1897,India
1898,United States
1899,Canada
1900,Germany
1901,India
1902,India
1903,Canada
1904,India
1905,India
1907,France
1908,Canada
1909,France
1910,United States
1911,South Korea
1912,United States
1913,United States
1914,Germany
1915,India
1916,India
1917,Canada
1918,Australia
1919,United States
1920,India
1921,United Kingdom
1922,India
1923,India
1924,United States
1925,India
1926,Australia
1927,Canada
1928,Canada
1929,United States
1930,Brazil
1931,United Kingdom
1932,India
1933,United Kingdom
1934,Germany
1935,India
1936,Australia
1937,Australia
1938,United Kingdom
1939,United States
1940,United States
1941,United Kingdom
1942,India
1943,United States
1944,United States
1945,South Korea
1946,Germany
1947,United Kingdom
1948,United States
1949,Spain
1950,Brazil
1951,India
1952,United States
1953,India
1954,South Korea
1955,India
1956,United Kingdom
1957,Japan
1958,United Kingdom
1959,Australia
1960,India
1961,India
1962,India
1963,South Korea
1964,United Kingdom
1965,India
1966,Italy
1967,United States
1968,United States
1969,Australia
1970,Germany
1971,Mexico
1972,Japan
1973,France
1974,France
1975,United Kingdom
1976,United States
1977,United Kingdom
1978,United States
1979,India
1980,Canada
1981,India
1982,South Korea
1983,United Kingdom
1984,United States
1985,Australia
1986,India
1987,India
1988,Brazil
1989,Brazil
1990,India
1991,United States
1992,United Kingdom
1993,India
1994,United Kingdom
1995,India
1996,Japan
1997,United Kingdom
1998,India
1999,Australia
2000,Australia
2001,India
2002,Australia
2003,India
2004,Canada
2005,South Korea
2006,France
2007,Singapore
2008,United States
2009,United States
2010,United Kingdom
2011,India
2012,Singapore
2013,United States
2014,Australia
2015,South Korea
2016,Germany
2017,United States
2018,India
2019,United Kingdom
2020,India
2021,India
2022,France
2023,Canada
2024,India
2025,Brazil
2026,Singapore
2027,Singapore
2028,Australia
2029,India
2030,Australia
2031,Singapore
2032,India
2033,United Kingdom
2034,India
2035,United States
2036,India
2037,United States
2038,India
2039,Canada
2040,South Korea
2041,Brazil
2042,United Kingdom
2043,Australia
2044,Germany
2045,United Kingdom
2046,XYZ
2047,United States
2048,United Kingdom
2049,United Kingdom
2050,United States
